<?xml version="1.0" encoding="UTF-8"?>
<mappings xmlns="http://dozermapper.github.io/schema/bean-mapping"
          xmlns:xsi="http://www.w3.org/2001/XMLSchema-instance"
          xsi:schemaLocation="http://dozermapper.github.io/schema/bean-mapping http://dozermapper.github.io/schema/bean-mapping.xsd">
    <mapping>
        <class-a>software.amazon.awssdk.services.ec2.model.Instance</class-a>
        <class-b>com.somerledsolutions.computedashboard.model.EC2InstanceMetadata</class-b>
        <field>
            <a is-accessible="true">instanceId</a>
            <b>instanceId</b>
        </field>
        <field>
            <a is-accessible="true">instanceType</a>
            <b>instanceType</b>
        </field>
        <field>
            <a is-accessible="true">placement.availabilityZone</a>
            <b>availabilityZone</b>
        </field>
        <field>
            <a is-accessible="true">state.name</a>
            <b>state</b>
        </field>
        <field>
            <a is-accessible="true">publicIpAddress</a>
            <b>publicIpAddress</b>
        </field>
        <field>
            <a is-accessible="true">privateIpAddress</a>
            <b>privateIpAddress</b>
        </field>
    </mapping>
</mappings>